<?xml version="1.0" encoding="utf-8"?>
<CustomDevice xmlns:xsi="http://www.w3.org/2001/XMLSchema-instance" xsi:noNamespaceSchemaLocation="Custom Device.xsd">
<XSDVersion Major="2010" Minor="0" Fix="0" Build="0" />
  <AddMenu>
    <eng>ARINC 429 AIT</eng>
    <loc>ARINC 429 AIT</loc>
  </AddMenu>
  <Version>3.0.3</Version>
  <Type>Inline HW Interface</Type>
  <MaxOccurrence>2474</MaxOccurrence>
  <MainPageGUID>6de686c8-271d-4eac-aefc-5952b5c6028a</MainPageGUID>
  <InitializationVI>
    <Type>Action</Type>
    <Item2Launch>
      <Type>To Common Doc Dir</Type>
		<Path>Custom Devices\AIT 429\AIT 429 Configuration.llb\AIT 429 Initialization VI.vi</Path>
    </Item2Launch>
  </InitializationVI>
  <CustomDeviceVI>
		<SourceDistribution>
			<Source>
				<SupportedTarget>PharlapWindows</SupportedTarget>
				<Source>
					<Type>To Common Doc Dir</Type>
					<Path>Custom Devices\AIT 429\c\AIT 429 Engine.llb\AIT 429 RT Driver VI.vi</Path>
				</Source>
				<RealTimeSystemDestination>c:\ni-rt\VeriStand\Custom Devices\AIT 429\AIT 429 Engine.llb\AIT 429 RT Driver VI.vi</RealTimeSystemDestination>
			</Source>		
		
			
		</SourceDistribution>
	</CustomDeviceVI>
  <Dependencies>
  <!-- dependencies always added on action VI on compile.-->
	</Dependencies>
  <Pages>
    <Page>
      <Name>
        <eng>ARINC AIT 429</eng>
        <loc>ARINC AIT 429</loc>
      </Name>
	  <Copy>Copy</Copy>
      <GUID>6de686c8-271d-4eac-aefc-5952b5c6028a</GUID>
      <Glyph>
			<Type>To Application Data Dir</Type>
			<Path>System Explorer\Glyphs\daq.png</Path>
		</Glyph>
      <Item2Launch>
        <Type>To Common Doc Dir</Type>
		<Path>Custom Devices\AIT 429\AIT 429 Configuration.llb\AIT 429 Main Page.vi</Path>
      </Item2Launch>
	  <RunTimeMenu>
				<MenuItem>
					<GUID>CB66F472-A923-4165-AEBC-C7B766070099</GUID>
					<Type>Action</Type>
					<Name>
						<eng>Load Database</eng>
						<loc>Load Database</loc>
					</Name>
					<Item2Launch>
						<Type>To Common Doc Dir</Type>
						<Path>Custom Devices\AIT 429\AIT 429 Configuration.llb\AIT 429 - Load Database.vi</Path>
					</Item2Launch>
				</MenuItem>
				<MenuItem>
					<GUID>CB66F472-A923-4165-AEBC-C7B766070000</GUID>
					<Type>Action</Type>
					<Name>
						<eng>Clear Database Selection</eng>
						<loc>Clear Database Selection</loc>
					</Name>
					<Item2Launch>
						<Type>To Common Doc Dir</Type>
						<Path>Custom Devices\AIT 429\AIT 429 Configuration.llb\AIT 429 - Clear Database.vi</Path>
					</Item2Launch>
				</MenuItem>
				<MenuItem>
					<GUID>7755077A-1485-13A6-5674A23FB86277FF</GUID>
					<Type>Separator</Type>
					<Name>
						<eng>.</eng>
						<loc>.</loc>
					</Name>
					<Item2Launch>
						<Type>Absolute</Type>
						<Path>.</Path>
					</Item2Launch>
				</MenuItem>
				<MenuItem>
					<GUID>24B063C9-F831-AFAE-44CD-E299CAF12166</GUID>
					<Type>Action</Type>
					<Name>
						<eng>Disable</eng>
						<loc>Disable</loc>
					</Name>
					<Item2Launch>
						<Type>To Common Doc Dir</Type>
						<Path>Custom Devices\AIT 429\AIT 429 Configuration.llb\EnableDisable - Right Click.vi</Path>
					</Item2Launch>
				</MenuItem>
			</RunTimeMenu>
			<ButtonList>
				<Button>
					<ID>NIVS_AIM429_LoadDB</ID>
					<Glyph>
						<Type>To Application Data Dir</Type>
						<Path>System Explorer\Glyphs\add database.png</Path>
					</Glyph>
					<Type>Action</Type>
					<ReferencedGUID>CB66F472-A923-4165-AEBC-C7B766070099</ReferencedGUID>
					<ButtonText>
						<eng>Load Database</eng>
						<loc>Load Database</loc>
					</ButtonText>
					<Caption>
						<eng>Load Database</eng>
						<loc>Load Database</loc>
					</Caption>
					<TipStrip>
						<eng>Load Database</eng>
						<loc>Load Database</loc>
					</TipStrip>
					<Documentation>
						<eng />
						<loc />
					</Documentation>
				</Button>
				<Button>
					<ID>NIVS_AIM429_ClearDB</ID>
					<Glyph>
						<Type>To Application Data Dir</Type>
						<Path>System Explorer\Glyphs\EditDelete.png</Path>
					</Glyph>
					<Type>Action</Type>
					<ReferencedGUID>CB66F472-A923-4165-AEBC-C7B766070000</ReferencedGUID>
					<ButtonText>
						<eng>Clear Database</eng>
						<loc>Clear Database</loc>
					</ButtonText>
					<Caption>
						<eng>Clear Database</eng>
						<loc>Clear Database</loc>
					</Caption>
					<TipStrip>
						<eng>Clear Database</eng>
						<loc>Clear Database</loc>
					</TipStrip>
					<Documentation>
						<eng />
						<loc />
					</Documentation>
				</Button>
			</ButtonList>
			<ActionVIOnLoad>

				<Type>To Common Doc Dir</Type>
				<Path>Custom Devices\AIT 429\AIT 429 Configuration.llb\Main On Load Action VI.vi</Path>
			</ActionVIOnLoad>
			<ActionVIOnCompile>

				<Type>To Common Doc Dir</Type>
				<Path>Custom Devices\AIT 429\AIT 429 Configuration.llb\ConditionallySerialiaze.vi</Path>
			</ActionVIOnCompile>
    </Page>
	<Page>
			<Name>
				<eng>ARINC 429 AIT</eng>
				<loc>ARINC 429 AIT</loc>
			</Name>
			<Copy>Copy</Copy>
			<GUID>C84F327B-5F00-A71A-4A47-A7C0FE0BF79D</GUID>

			<Glyph>
				<Type>To Application Data Dir</Type>
				<Path>System Explorer\Glyphs\daq_disabled.png</Path>
			</Glyph>
			<Item2Launch>
				<Type>To Common Doc Dir</Type>
				<Path>Custom Devices\AIT 429\AIT 429 Configuration.llb\AIT 429 Main Page.vi</Path>
			</Item2Launch>
			<RunTimeMenu>
				<MenuItem>
					<GUID>CB66F472-A923-4165-AEBC-C7B766070099</GUID>
					<Type>Action</Type>
					<Name>
						<eng>Load Database</eng>
						<loc>Load Database</loc>
					</Name>
					<Item2Launch>
						<Type>To Common Doc Dir</Type>
						<Path>Custom Devices\AIT 429\AIT 429 Configuration.llb\AIT 429 - Load Database.vi</Path>
					</Item2Launch>
				</MenuItem>
				<MenuItem>
					<GUID>CB66F472-A923-4165-AEBC-C7B766070000</GUID>
					<Type>Action</Type>
					<Name>
						<eng>Clear Database Selection</eng>
						<loc>Clear Database Selection</loc>
					</Name>
					<Item2Launch>
						<Type>To Common Doc Dir</Type>
						<Path>Custom Devices\AIT 429\AIT 429 Configuration.llb\AIT 429 - Clear Database.vi</Path>
					</Item2Launch>
				</MenuItem>
				<MenuItem>
					<GUID>7755077A-1485-13A6-5674A23FB86277FF</GUID>
					<Type>Separator</Type>
					<Name>
						<eng>.</eng>
						<loc>.</loc>
					</Name>
					<Item2Launch>
						<Type>Absolute</Type>
						<Path>.</Path>
					</Item2Launch>
				</MenuItem>
				<MenuItem>
					<GUID>24B063C9-F831-AFAE-44CD-E299CAF12166</GUID>
					<Type>Action</Type>
					<Name>
						<eng>Enable</eng>
						<loc>Enable</loc>
					</Name>
					<Item2Launch>
						<Type>To Common Doc Dir</Type>
						<Path>Custom Devices\AIT 429\AIT 429 Configuration.llb\EnableDisable - Right Click.vi</Path>
					</Item2Launch>
				</MenuItem>
			</RunTimeMenu>
			<ButtonList>
				<Button>
					<ID>NIVS_AIM429_LoadDB</ID>
					<Glyph>
						<Type>To Application Data Dir</Type>
						<Path>System Explorer\Glyphs\add database.png</Path>
					</Glyph>
					<Type>Action</Type>
					<ReferencedGUID>CB66F472-A923-4165-AEBC-C7B766070099</ReferencedGUID>
					<ButtonText>
						<eng>Load Database</eng>
						<loc>Load Database</loc>
					</ButtonText>
					<Caption>
						<eng>Load Database</eng>
						<loc>Load Database</loc>
					</Caption>
					<TipStrip>
						<eng>Load Database</eng>
						<loc>Load Database</loc>
					</TipStrip>
					<Documentation>
						<eng />
						<loc />
					</Documentation>
				</Button>
				<Button>
					<ID>NIVS_AIM429_ClearDB</ID>
					<Glyph>
						<Type>To Application Data Dir</Type>
						<Path>System Explorer\Glyphs\EditDelete.png</Path>
					</Glyph>
					<Type>Action</Type>
					<ReferencedGUID>CB66F472-A923-4165-AEBC-C7B766070000</ReferencedGUID>
					<ButtonText>
						<eng>Clear Database</eng>
						<loc>Clear Database</loc>
					</ButtonText>
					<Caption>
						<eng>Clear Database</eng>
						<loc>Clear Database</loc>
					</Caption>
					<TipStrip>
						<eng>Clear Database</eng>
						<loc>Clear Database</loc>
					</TipStrip>
					<Documentation>
						<eng />
						<loc />
					</Documentation>
				</Button>
			</ButtonList>
			<ActionVIOnLoad>
				<Type>To Common Doc Dir</Type>
				<Path>Custom Devices\AIT 429\AIT 429 Configuration.llb\Main On Load Action VI.vi</Path>
			</ActionVIOnLoad>
		</Page>
	<Page>
      <Name>
        <eng>Inputs</eng>
        <loc>Inputs</loc>
      </Name>
	  <DeleteProtection>true</DeleteProtection>


      <GUID>6b205014-7e01-4dc7-9fb4-ec708a1264b1</GUID>
      <Glyph>
			<Type>To Application Data Dir</Type>
			<Path>System Explorer\Glyphs\xnet incoming.png</Path>
		</Glyph>
      <Item2Launch>
        <Type>To Common Doc Dir</Type>
		<Path>Custom Devices\AIT 429\AIT 429 Configuration.llb\AIT 429 Inputs Page.vi</Path>
      </Item2Launch>
    </Page>
	<Page>
      <Name>
        <eng>Outputs</eng>
        <loc>Outputs</loc>
      </Name>
	  <DeleteProtection>true</DeleteProtection>
      <GUID>3512d02a-2029-43cc-b95c-a92ed63679f7</GUID>
      <Glyph>
			<Type>To Application Data Dir</Type>
			<Path>System Explorer\Glyphs\xnet outgoing.png</Path>
		</Glyph>
      <Item2Launch>
        <Type>To Common Doc Dir</Type>
		<Path>Custom Devices\AIT 429\AIT 429 Configuration.llb\AIT 429 Outputs Page.vi</Path>
      </Item2Launch>
    </Page>
	
	<Page>
      <Name>
        <eng>Word Section Page</eng>
        <loc>Word Section Page</loc>
      </Name>
	  <DisallowRenaming>true</DisallowRenaming>
	  <DeleteProtection>true</DeleteProtection>


      <GUID>c976e646-a24d-488b-9d95-5bd8d1727224</GUID>
      <Glyph>
			<Type>To Application Data Dir</Type>
			<Path>System Explorer\Glyphs\NI-XNET RawDataChannel.png</Path>
		</Glyph>
      <Item2Launch>
        <Type>To Common Doc Dir</Type>
		<Path>Custom Devices\AIT 429\AIT 429 Configuration.llb\AIT 429 Word Page.vi</Path>
      </Item2Launch>
	  <RunTimeMenu>
				<MenuItem>
					<GUID>DAA7CC11-B6D4-FBCD-3895-4014999F1774</GUID>
					<Type>Action</Type>
					<Name>
						<eng>Add Data Parameter</eng>
						<loc>Add Data Parameter</loc>
					</Name>
					<Item2Launch>
						<Type>To Common Doc Dir</Type>
						<Path>Custom Devices\AIT 429\AIT 429 Configuration.llb\AIT 429 - Add Data Channel.vi</Path>
					</Item2Launch>
				</MenuItem>
				<MenuItem>
					<GUID>DAA7CC11-B6D4-FBCD-3895-4014999F19E7</GUID>
					<Type>VI</Type>
					<Name>
						<eng>Add Parameter...</eng>
						<loc>Add Parameter...</loc>
					</Name>
					<Item2Launch>
						<Type>To Common Doc Dir</Type>
						<Path>Custom Devices\AIT 429\AIT 429 Configuration.llb\AIT 429 - Add Channels.vi</Path>
					</Item2Launch>
				</MenuItem>
				<MenuItem>
					<GUID>644EA7BF-3EDA-68A5-99E8-463174E574AF</GUID>
					<Type>Action</Type>
					<Name>
						<eng>Add Parameter For Each Bit</eng>
						<loc>Add Parameter For Each Bit</loc>
					</Name>
					<Item2Launch>
						<Type>To Common Doc Dir</Type>
						<Path>Custom Devices\AIT 429\AIT 429 Configuration.llb\AIT 429 - Add All Label Bit Channels.vi</Path>
					</Item2Launch>
				</MenuItem>
				<MenuItem>
					<GUID>7755077A-1485-13A6-5674A23FB86277FF</GUID>
					<Type>Separator</Type>
					<Name>
						<eng>.</eng>
						<loc>.</loc>
					</Name>
					<Item2Launch>
						<Type>Absolute</Type>
						<Path>.</Path>
					</Item2Launch>
				</MenuItem>
				<MenuItem>
					<GUID>03D3BE0A-1485-13A6-563AEB9BF271825A</GUID>
					<Type>VI</Type>
					<MinNrOfChilds>1</MinNrOfChilds>
					<Name>
						<eng>Delete Multiple Items</eng>
						<loc>Delete Multiple Items</loc>
					</Name>
					<Item2Launch>
						<Type>Absolute</Type>
						<Path>Dialogs\Delete Multiple Items.vi</Path>
					</Item2Launch>
				</MenuItem>
			</RunTimeMenu>
	  <ButtonList>
				<Button>
					<ID>NIVS_AIM429_AddDataChannel</ID>
					<Glyph>
						<Type>To Application Data Dir</Type>
						<Path>System Explorer\Glyphs\NI-XNET Add Signal.png</Path>
					</Glyph>
					<Type>Action</Type>
					<ReferencedGUID>DAA7CC11-B6D4-FBCD-3895-4014999F1774</ReferencedGUID>
					<ButtonText>
						<eng>Add Data Parameter</eng>
						<loc>Add Data Parameter</loc>
					</ButtonText>
					<Caption>
						<eng>Add Data Parameter</eng>
						<loc>Add Data Parameter</loc>
					</Caption>
					<TipStrip>
						<eng>Add Data Parameter</eng>
						<loc>Add Data Parameter</loc>
					</TipStrip>
					<Documentation>
						<eng />
						<loc />
					</Documentation>
				</Button>
				<Button>
					<ID>NIVS_AIM429_AddLabelChannels</ID>
					<Glyph>
						<Type>To Application Data Dir</Type>
						<Path>System Explorer\Glyphs\NI-XNET Add Signal.png</Path>
					</Glyph>
					<Type>Action</Type>
					<ReferencedGUID>DAA7CC11-B6D4-FBCD-3895-4014999F19E7</ReferencedGUID>
					<ButtonText>
						<eng>Add Parameter...</eng>
						<loc>Add Parameter...</loc>
					</ButtonText>
					<Caption>
						<eng>Add Parameter...</eng>
						<loc>Add Parameter...</loc>
					</Caption>
					<TipStrip>
						<eng>Add Parameter...</eng>
						<loc>Add Parameter...</loc>
					</TipStrip>
					<Documentation>
						<eng />
						<loc />
					</Documentation>
				</Button>
				<Button>
					<ID>NIVS_AIM429_AddLabelBitChannels</ID>
					<Glyph>
						<Type>To Application Data Dir</Type>
						<Path>System Explorer\Glyphs\NI-XNET Add RawData Channel.png</Path>
					</Glyph>
					<Type>Action</Type>
					<ReferencedGUID>644EA7BF-3EDA-68A5-99E8-463174E574AF</ReferencedGUID>
					<ButtonText>
						<eng>Add Parameter For Each Bit</eng>
						<loc>Add Parameter For Each Bit</loc>
					</ButtonText>
					<Caption>
						<eng>Add Parameter For Each Bit</eng>
						<loc>Add Parameter For Each Bit</loc>
					</Caption>
					<TipStrip>
						<eng>Add Parameter For Each Bit</eng>
						<loc>Add Parameter For Each Bit</loc>
					</TipStrip>
					<Documentation>
						<eng />
						<loc />
					</Documentation>
				</Button>
			</ButtonList>
    </Page>
	
	<Page>
      <Name>
        <eng>Label Parameter Page</eng>
        <loc>Label Parameter Page</loc>
      </Name>



      <GUID>e9f79bde-5caf-4b2b-afe3-0ce1e606e7c7</GUID>
      <Glyph>
			<Type>To Application Data Dir</Type>
			<Path>System Explorer\Glyphs\NI-XNET SinglePoint.png</Path>
		</Glyph>
      <Item2Launch>
        <Type>To Common Doc Dir</Type>
		<Path>Custom Devices\AIT 429\AIT 429 Configuration.llb\AIT 429 Parameter Page.vi</Path>
      </Item2Launch>
    </Page>
	
	<Page>
      <Name>
        <eng>Label Section Page</eng>
        <loc>Label Section Page</loc>
      </Name>
	  <DisallowRenaming>true</DisallowRenaming>
	  <DeleteProtection>true</DeleteProtection>

      <GUID>d344d039-fb12-41b4-81fc-ed75cdddcb8d</GUID>
      <Glyph>
			<Type>To Application Data Dir</Type>
			<Path>System Explorer\Glyphs\NI-XNET RawDataFrame.png</Path>
		</Glyph>
      <Item2Launch>
        <Type>To Common Doc Dir</Type>
		<Path>Custom Devices\AIT 429\AIT 429 Configuration.llb\AIT 429 Label Page.vi</Path>


      </Item2Launch>
    </Page>

		
     <Page>
      <Name>
        <eng>Channel Page</eng>
        <loc>Channel Page</loc>
      </Name>
	  <DisallowRenaming>true</DisallowRenaming>
	  <DeleteProtection>true</DeleteProtection>
      <GUID>2ea04988-eee4-4e83-9dd8-12eaea61e539</GUID>
      <Glyph>
			<Type>To Application Data Dir</Type>
			<Path>System Explorer\Glyphs\ni-can ports.png</Path>
		</Glyph>
      <Item2Launch>
        <Type>To Common Doc Dir</Type>
		<Path>Custom Devices\AIT 429\AIT 429 Configuration.llb\AIT 429 ARINC Channel Page.vi</Path>
      </Item2Launch>
      </Page>
	
     <Page>
      <Name>
        <eng>Status Section</eng>
        <loc>Status Section</loc>
      </Name>
	  <DisallowRenaming>true</DisallowRenaming>
	  <DeleteProtection>true</DeleteProtection>
      <GUID>d47aa00e-f699-4d59-94c0-e2f1966f44aa</GUID>
      <Glyph>
			<Type>To Application Data Dir</Type>
			<Path>System Explorer\Glyphs\NI-XNET Status.png</Path>
		</Glyph>
      <Item2Launch>
        <Type>To Common Doc Dir</Type>
		<Path>Custom Devices\AIT 429\AIT 429 Configuration.llb\Status Section Page.vi</Path>
      </Item2Launch>
	  
    </Page>
	
	<Page>
			<Name>
				<eng>Channel (delete protected)</eng>
				<loc>Channel (delete protected)</loc>
			</Name>
			<DisallowRenaming>true</DisallowRenaming>
			<DeleteProtection>true</DeleteProtection>
			<GUID>620FF26C-B46F-A798-9FE7-99E7CBCC898B</GUID>
			<Glyph>
				<Type>To Application Data Dir</Type>
				<Path>System Explorer\Glyphs\default fpga channel.png</Path>
			</Glyph>
			<Item2Launch>
				<Type>Absolute</Type>
				<Path>System UI VIs\Custom Device\Custom Device Channel.vi</Path>
			</Item2Launch>
			<RunTimeMenu />
			<Help>
				<Item2Launch>
					<Type>To Base</Type>
					<Path>Veristand.chm\Custom_Devices_SE.html</Path>
				</Item2Launch>
				<FileType>chm</FileType>
			</Help>
		</Page>
  </Pages>
  <CustomXML>
    <Dummy></Dummy>
  </CustomXML>
</CustomDevice>